n,T,times_cpp_ns,times_jl_ns
8,100,10520.0,2164.222222222222
16,100,22684.0,4377.0
32,100,54956.0,8717.0
64,100,127635.0,17594.0
128,100,265841.0,35779.0
256,100,542411.0,72169.0
512,100,1.08935e6,144688.0
1024,100,2.20345e6,290758.0
2048,100,4.40764e6,572309.0
4096,100,8.82405e6,1.146621e6
8192,100,1.76566e7,2.31829e6
16384,100,3.53992e7,4.62545e6
